ID	GENE PRODUCT ID	GO EVIDENCE CODE	REFERENCE	TAXON ID
ID	AI RO:0002325	>A oboInOwl:evidence	>A oboInOwl:hasDbXref	AI RO:0002162
GO:0042584	https://identifiers.org/uniprot:P20073	IDA	PMID:9268363	http://purl.obolibrary.org/obo/NCBITaxon_9606
GO:0042584	https://identifiers.org/uniprot:P30626	IDA	PMID:9268363	http://purl.obolibrary.org/obo/NCBITaxon_9606
GO:0031092	https://identifiers.org/uniprot:P37840	IDA	PMID:12239163	http://purl.obolibrary.org/obo/NCBITaxon_9606
GO:0030141	https://identifiers.org/uniprot:Q768S5	IDA	PMID:16043482	http://purl.obolibrary.org/obo/NCBITaxon_10090
GO:0030141	https://identifiers.org/uniprot:Q9CZT8	IDA	PMID:16043482	http://purl.obolibrary.org/obo/NCBITaxon_10090
GO:0030425	https://identifiers.org/uniprot:P04925	IDA	PMID:19242475	http://purl.obolibrary.org/obo/NCBITaxon_10090
GO:1901588	https://identifiers.org/uniprot:Q91YN9	IDA	PMID:19228967	http://purl.obolibrary.org/obo/NCBITaxon_10090
GO:0005902	https://identifiers.org/uniprot:P01137	IDA	PMID:19366691	http://purl.obolibrary.org/obo/NCBITaxon_9606
GO:0005902	https://identifiers.org/uniprot:Q9NZC7	IDA	PMID:19366691	http://purl.obolibrary.org/obo/NCBITaxon_9606
GO:0070938	https://identifiers.org/uniprot:P46939	IDA	PMID:16803572	http://purl.obolibrary.org/obo/NCBITaxon_9606
GO:0070938	https://identifiers.org/uniprot:Q96GD0	IDA	PMID:15580268	http://purl.obolibrary.org/obo/NCBITaxon_9606
GO:0030426	https://identifiers.org/uniprot:Q66L44	IDA	PMID:24751537	http://purl.obolibrary.org/obo/NCBITaxon_10090
GO:0030673	https://identifiers.org/uniprot:Q9WV92	IDA	PMID:21966409	http://purl.obolibrary.org/obo/NCBITaxon_10090
GO:0008021	https://identifiers.org/uniprot:Q04735	IDA	PMID:16461345	http://purl.obolibrary.org/obo/NCBITaxon_10090
GO:0042734	https://identifiers.org/uniprot:Q14160	IDA	PMID:15182672	http://purl.obolibrary.org/obo/NCBITaxon_9606
GO:0048786	https://identifiers.org/uniprot:Q61086	IDA	PMID:18986540	http://purl.obolibrary.org/obo/NCBITaxon_10090
GO:0008021	https://identifiers.org/uniprot:Q920N7	IDA	PMID:17190793	http://purl.obolibrary.org/obo/NCBITaxon_10090
GO:0035097	https://identifiers.org/uniprot:A2A5K6	IDA	PMID:23178126	http://purl.obolibrary.org/obo/NCBITaxon_10090
GO:0000795	https://identifiers.org/uniprot:D3Z3K2	IDA	PMID:24390283	http://purl.obolibrary.org/obo/NCBITaxon_10090
GO:0000795	https://identifiers.org/uniprot:F6TQD1	IDA	PMID:23396135	http://purl.obolibrary.org/obo/NCBITaxon_10090
GO:0000795	https://identifiers.org/uniprot:F6TQD1	IDA	PMID:24390283	http://purl.obolibrary.org/obo/NCBITaxon_10090
GO:0035145	https://identifiers.org/uniprot:O00422	IDA	PMID:16314458	http://purl.obolibrary.org/obo/NCBITaxon_9606
GO:0016605	https://identifiers.org/uniprot:O14746	IDA	PMID:19567472	http://purl.obolibrary.org/obo/NCBITaxon_9606
GO:0005634	https://identifiers.org/uniprot:O14867	HDA	PMID:16780588	http://purl.obolibrary.org/obo/NCBITaxon_9606
GO:0000176	https://identifiers.org/uniprot:O15381	IDA	PMID:26166824	http://purl.obolibrary.org/obo/NCBITaxon_9606
GO:0005730	https://identifiers.org/uniprot:O15381	IDA	PMID:26456651	http://purl.obolibrary.org/obo/NCBITaxon_9606
GO:0005635	https://identifiers.org/uniprot:O15504	IDA	PMID:22250199	http://purl.obolibrary.org/obo/NCBITaxon_9606
GO:0071008	https://identifiers.org/uniprot:O43143	IDA	PMID:19103666	http://purl.obolibrary.org/obo/NCBITaxon_9606
GO:0035098	https://identifiers.org/uniprot:O43189	IDA	PMID:23273982	http://purl.obolibrary.org/obo/NCBITaxon_9606
GO:0008180	https://identifiers.org/uniprot:O43491	IDA	PMID:18850735	http://purl.obolibrary.org/obo/NCBITaxon_9606
GO:0005643	https://identifiers.org/uniprot:O43592	IDA	PMID:9660920	http://purl.obolibrary.org/obo/NCBITaxon_9606
GO:0005662	https://identifiers.org/uniprot:O43660	IDA	PMID:24332808	http://purl.obolibrary.org/obo/NCBITaxon_9606
GO:0043596	https://identifiers.org/uniprot:O60264	IDA	PMID:15543136	http://purl.obolibrary.org/obo/NCBITaxon_9606
GO:0000346	https://identifiers.org/uniprot:O75152	IDA	PMID:22928037	http://purl.obolibrary.org/obo/NCBITaxon_9606
GO:0016605	https://identifiers.org/uniprot:O75928	IDA	PMID:22406621	http://purl.obolibrary.org/obo/NCBITaxon_9606
GO:0005662	https://identifiers.org/uniprot:O75934	IDA	PMID:24332808	http://purl.obolibrary.org/obo/NCBITaxon_9606
GO:0008180	https://identifiers.org/uniprot:O75955	IDA	PMID:18850735	http://purl.obolibrary.org/obo/NCBITaxon_9606
GO:0016605	https://identifiers.org/uniprot:O88907	IDA	PMID:22406621	http://purl.obolibrary.org/obo/NCBITaxon_10090
GO:0070418	https://identifiers.org/uniprot:O88939	IMP	PMID:26446488	http://purl.obolibrary.org/obo/NCBITaxon_10090
GO:0005635	https://identifiers.org/uniprot:O94901	IMP	PMID:21610090	http://purl.obolibrary.org/obo/NCBITaxon_9606
GO:0035098	https://identifiers.org/uniprot:O94972	IDA	PMID:25470042	http://purl.obolibrary.org/obo/NCBITaxon_9606
GO:0016607	https://identifiers.org/uniprot:O95400	IDA	PMID:15840814	http://purl.obolibrary.org/obo/NCBITaxon_9606
GO:0005635	https://identifiers.org/uniprot:P02545	IMP	PMID:21610090	http://purl.obolibrary.org/obo/NCBITaxon_9606
GO:0016604	https://identifiers.org/uniprot:P04637	IDA	PMID:10360174	http://purl.obolibrary.org/obo/NCBITaxon_9606
GO:0031965	https://identifiers.org/uniprot:P05981	IDA	PMID:15614436	http://purl.obolibrary.org/obo/NCBITaxon_9606
GO:0005635	https://identifiers.org/uniprot:P06213	IDA	PMID:19406747	http://purl.obolibrary.org/obo/NCBITaxon_9606
GO:0031981	https://identifiers.org/uniprot:P06213	IDA	PMID:19406747	http://purl.obolibrary.org/obo/NCBITaxon_9606
GO:0005634	https://identifiers.org/uniprot:P06396	IDA	PMID:23729654	http://purl.obolibrary.org/obo/NCBITaxon_9606
GO:0008024	https://identifiers.org/uniprot:P06400	IDA	PMID:12037672	http://purl.obolibrary.org/obo/NCBITaxon_9606
GO:0008180	https://identifiers.org/uniprot:P08238	IDA	PMID:18850735	http://purl.obolibrary.org/obo/NCBITaxon_9606
GO:0008180	https://identifiers.org/uniprot:P0DMV8	IDA	PMID:18850735	http://purl.obolibrary.org/obo/NCBITaxon_9606
GO:0008180	https://identifiers.org/uniprot:P11021	IDA	PMID:18850735	http://purl.obolibrary.org/obo/NCBITaxon_9606
GO:0000228	https://identifiers.org/uniprot:P11387	IDA	PMID:9049244	http://purl.obolibrary.org/obo/NCBITaxon_9606
GO:0000228	https://identifiers.org/uniprot:P11388	IDA	PMID:9049244	http://purl.obolibrary.org/obo/NCBITaxon_9606
GO:0016605	https://identifiers.org/uniprot:P15927	IDA	PMID:17959650	http://purl.obolibrary.org/obo/NCBITaxon_9606
GO:0008180	https://identifiers.org/uniprot:P17066	IDA	PMID:18850735	http://purl.obolibrary.org/obo/NCBITaxon_9606
GO:0031519	https://identifiers.org/uniprot:P19784	IDA	PMID:21282530	http://purl.obolibrary.org/obo/NCBITaxon_9606
GO:0005635	https://identifiers.org/uniprot:P20700	IDA	PMID:21610090	http://purl.obolibrary.org/obo/NCBITaxon_9606
GO:0005654	https://identifiers.org/uniprot:P21675	IDA	PMID:12498690	http://purl.obolibrary.org/obo/NCBITaxon_9606
GO:0005730	https://identifiers.org/uniprot:P21675	IDA	PMID:12498690	http://purl.obolibrary.org/obo/NCBITaxon_9606
GO:0005662	https://identifiers.org/uniprot:P23025	IDA	PMID:7700386	http://purl.obolibrary.org/obo/NCBITaxon_9606
GO:0030870	https://identifiers.org/uniprot:P23497	IDA	PMID:15767676	http://purl.obolibrary.org/obo/NCBITaxon_9606
GO:0008180	https://identifiers.org/uniprot:P25705	IDA	PMID:18850735	http://purl.obolibrary.org/obo/NCBITaxon_9606
GO:0016605	https://identifiers.org/uniprot:P27694	IDA	PMID:17959650	http://purl.obolibrary.org/obo/NCBITaxon_9606
GO:0008180	https://identifiers.org/uniprot:P28289	IDA	PMID:18850735	http://purl.obolibrary.org/obo/NCBITaxon_9606
GO:0005662	https://identifiers.org/uniprot:P28715	IDA	PMID:7700386	http://purl.obolibrary.org/obo/NCBITaxon_9606
GO:0008180	https://identifiers.org/uniprot:P34931	IDA	PMID:18850735	http://purl.obolibrary.org/obo/NCBITaxon_9606
GO:0008180	https://identifiers.org/uniprot:P35579	IDA	PMID:18850735	http://purl.obolibrary.org/obo/NCBITaxon_9606
GO:0000792	https://identifiers.org/uniprot:O35613	IDA	PMID:17081986	http://purl.obolibrary.org/obo/NCBITaxon_10090
GO:0000792	https://identifiers.org/uniprot:P22314	IDA	PMID:1376922	http://purl.obolibrary.org/obo/NCBITaxon_9606
GO:0000792	https://identifiers.org/uniprot:Q02880	IDA	PMID:9049244	http://purl.obolibrary.org/obo/NCBITaxon_9606
GO:0033553	https://identifiers.org/uniprot:Q9NZM5	IDA	PMID:27729611	http://purl.obolibrary.org/obo/NCBITaxon_9606
GO:0030018	https://identifiers.org/uniprot:Q5DTJ9	IDA	PMID:11309420	http://purl.obolibrary.org/obo/NCBITaxon_10090
GO:0031430	https://identifiers.org/uniprot:Q6P5Q4	IDA	PMID:18403713	http://purl.obolibrary.org/obo/NCBITaxon_9606
GO:0031430	https://identifiers.org/uniprot:Q6P5Q4	IDA	PMID:20685966	http://purl.obolibrary.org/obo/NCBITaxon_9606
GO:0030018	https://identifiers.org/uniprot:Q86TC9	IDA	PMID:11309420	http://purl.obolibrary.org/obo/NCBITaxon_9606
GO:0031674	https://identifiers.org/uniprot:Q9WV06	IDA	PMID:17926058	http://purl.obolibrary.org/obo/NCBITaxon_10090
GO:0042101	https://identifiers.org/uniprot:P13688	IDA	PMID:18424730	http://purl.obolibrary.org/obo/NCBITaxon_9606
GO:0042101	https://identifiers.org/uniprot:P30203	IDA	PMID:15294938	http://purl.obolibrary.org/obo/NCBITaxon_9606
GO:0042101	https://identifiers.org/uniprot:Q13740	IDA	PMID:15294938	http://purl.obolibrary.org/obo/NCBITaxon_9606
GO:0032587	https://identifiers.org/uniprot:P05556	IDA	PMID:14970227	http://purl.obolibrary.org/obo/NCBITaxon_9606
GO:0032587	https://identifiers.org/uniprot:P08648	IDA	PMID:14970227	http://purl.obolibrary.org/obo/NCBITaxon_9606
GO:0032587	https://identifiers.org/uniprot:P14234	IDA	PMID:15561106	http://purl.obolibrary.org/obo/NCBITaxon_10090
GO:0030027	https://identifiers.org/uniprot:P16591	IDA	PMID:19738202	http://purl.obolibrary.org/obo/NCBITaxon_9606
GO:0032587	https://identifiers.org/uniprot:P55008	IDA	PMID:18699778	http://purl.obolibrary.org/obo/NCBITaxon_9606
GO:0032587	https://identifiers.org/uniprot:P78536	IDA	PMID:14970227	http://purl.obolibrary.org/obo/NCBITaxon_9606
GO:0031252	https://identifiers.org/uniprot:Q14160	IDA	PMID:18716323	http://purl.obolibrary.org/obo/NCBITaxon_9606
GO:0001726	https://identifiers.org/uniprot:Q3UU41	IMP	PMID:28098138	http://purl.obolibrary.org/obo/NCBITaxon_10090
GO:0032587	https://identifiers.org/uniprot:Q91YR1	IDA	PMID:12807912	http://purl.obolibrary.org/obo/NCBITaxon_10090
GO:0030027	https://identifiers.org/uniprot:Q96GD0	IDA	PMID:15580268	http://purl.obolibrary.org/obo/NCBITaxon_9606
GO:0032587	https://identifiers.org/uniprot:Q96GD0	IDA	PMID:15580268	http://purl.obolibrary.org/obo/NCBITaxon_9606
GO:0002177	https://identifiers.org/uniprot:Q3V0F0	IDA	PMID:19091768	http://purl.obolibrary.org/obo/NCBITaxon_10090
GO:0098592	https://identifiers.org/uniprot:O14523	IDA	PMID:28209843	http://purl.obolibrary.org/obo/NCBITaxon_9606
GO:0097413	https://identifiers.org/uniprot:P07203	IDA	PMID:18853169	http://purl.obolibrary.org/obo/NCBITaxon_9606
GO:0000159	https://identifiers.org/uniprot:Q5VY09	IDA	PMID:25816751	http://purl.obolibrary.org/obo/NCBITaxon_9606
GO:0000159	https://identifiers.org/uniprot:Q5VY09	IDA	PMID:26496226	http://purl.obolibrary.org/obo/NCBITaxon_9606
GO:0062023	https://identifiers.org/uniprot:O00339	HDA	PMID:20551380	http://purl.obolibrary.org/obo/NCBITaxon_9606
GO:0062023	https://identifiers.org/uniprot:O00468	HDA	PMID:20551380	http://purl.obolibrary.org/obo/NCBITaxon_9606
GO:0062023	https://identifiers.org/uniprot:O09164	IDA	PMID:15528465	http://purl.obolibrary.org/obo/NCBITaxon_10090
GO:0005604	https://identifiers.org/uniprot:O14936	IDA	PMID:18664494	http://purl.obolibrary.org/obo/NCBITaxon_9606
GO:0062023	https://identifiers.org/uniprot:O15230	HDA	PMID:20551380	http://purl.obolibrary.org/obo/NCBITaxon_9606
GO:0062023	https://identifiers.org/uniprot:O15520	IDA	PMID:17959718	http://purl.obolibrary.org/obo/NCBITaxon_9606
GO:0062023	https://identifiers.org/uniprot:O43294	HDA	PMID:20551380	http://purl.obolibrary.org/obo/NCBITaxon_9606
GO:0062023	https://identifiers.org/uniprot:O60565	HDA	PMID:28327460	http://purl.obolibrary.org/obo/NCBITaxon_9606
GO:0005604	https://identifiers.org/uniprot:O70589	IDA	PMID:18664494	http://purl.obolibrary.org/obo/NCBITaxon_10090
GO:0062023	https://identifiers.org/uniprot:O75326	HDA	PMID:28327460	http://purl.obolibrary.org/obo/NCBITaxon_9606
GO:0062023	https://identifiers.org/uniprot:P00734	HDA	PMID:28327460	http://purl.obolibrary.org/obo/NCBITaxon_9606
GO:0062023	https://identifiers.org/uniprot:P01023	HDA	PMID:28327460	http://purl.obolibrary.org/obo/NCBITaxon_9606
GO:0062023	https://identifiers.org/uniprot:P01241	HDA	PMID:28327460	http://purl.obolibrary.org/obo/NCBITaxon_9606
GO:0062023	https://identifiers.org/uniprot:P01563	HDA	PMID:28327460	http://purl.obolibrary.org/obo/NCBITaxon_9606
GO:0062023	https://identifiers.org/uniprot:P02452	HDA	PMID:20551380	http://purl.obolibrary.org/obo/NCBITaxon_9606
GO:0062023	https://identifiers.org/uniprot:P02743	HDA	PMID:20551380	http://purl.obolibrary.org/obo/NCBITaxon_9606
GO:0062023	https://identifiers.org/uniprot:P02749	HDA	PMID:20551380	http://purl.obolibrary.org/obo/NCBITaxon_9606
GO:0062023	https://identifiers.org/uniprot:P02751	HDA	PMID:20551380	http://purl.obolibrary.org/obo/NCBITaxon_9606
GO:0062023	https://identifiers.org/uniprot:P03973	HDA	PMID:20551380	http://purl.obolibrary.org/obo/NCBITaxon_9606
GO:0062023	https://identifiers.org/uniprot:P04004	HDA	PMID:20551380	http://purl.obolibrary.org/obo/NCBITaxon_9606
GO:0062023	https://identifiers.org/uniprot:P05121	HDA	PMID:28327460	http://purl.obolibrary.org/obo/NCBITaxon_9606
GO:0062023	https://identifiers.org/uniprot:P05154	HDA	PMID:28327460	http://purl.obolibrary.org/obo/NCBITaxon_9606
GO:0062023	https://identifiers.org/uniprot:P07093	HDA	PMID:28327460	http://purl.obolibrary.org/obo/NCBITaxon_9606
GO:0062023	https://identifiers.org/uniprot:P07339	HDA	PMID:20551380	http://purl.obolibrary.org/obo/NCBITaxon_9606
GO:0062023	https://identifiers.org/uniprot:P07355	HDA	PMID:28327460	http://purl.obolibrary.org/obo/NCBITaxon_9606
GO:0062023	https://identifiers.org/uniprot:P07585	HDA	PMID:20551380	http://purl.obolibrary.org/obo/NCBITaxon_9606
GO:0062023	https://identifiers.org/uniprot:P07858	HDA	PMID:28327460	http://purl.obolibrary.org/obo/NCBITaxon_9606
GO:0062023	https://identifiers.org/uniprot:P07996	HDA	PMID:20551380	http://purl.obolibrary.org/obo/NCBITaxon_9606
GO:0062023	https://identifiers.org/uniprot:P08123	HDA	PMID:20551380	http://purl.obolibrary.org/obo/NCBITaxon_9606
GO:0062023	https://identifiers.org/uniprot:P08133	HDA	PMID:28327460	http://purl.obolibrary.org/obo/NCBITaxon_9606
GO:0062023	https://identifiers.org/uniprot:P08253	HDA	PMID:28327460	http://purl.obolibrary.org/obo/NCBITaxon_9606
GO:0062023	https://identifiers.org/uniprot:P08294	HDA	PMID:20551380	http://purl.obolibrary.org/obo/NCBITaxon_9606
GO:0062023	https://identifiers.org/uniprot:P08311	HDA	PMID:20551380	http://purl.obolibrary.org/obo/NCBITaxon_9606
GO:0062023	https://identifiers.org/uniprot:P08493	HDA	PMID:20551380	http://purl.obolibrary.org/obo/NCBITaxon_9606
GO:0062023	https://identifiers.org/uniprot:P08572	HDA	PMID:20551380	http://purl.obolibrary.org/obo/NCBITaxon_9606
GO:0062023	https://identifiers.org/uniprot:P08758	HDA	PMID:28327460	http://purl.obolibrary.org/obo/NCBITaxon_9606
GO:0062023	https://identifiers.org/uniprot:P09382	HDA	PMID:20551380	http://purl.obolibrary.org/obo/NCBITaxon_9606
GO:0062023	https://identifiers.org/uniprot:P09382	HDA	PMID:28327460	http://purl.obolibrary.org/obo/NCBITaxon_9606
GO:0062023	https://identifiers.org/uniprot:P10909	HDA	PMID:20551380	http://purl.obolibrary.org/obo/NCBITaxon_9606
GO:0062023	https://identifiers.org/uniprot:P10915	HDA	PMID:20551380	http://purl.obolibrary.org/obo/NCBITaxon_9606
GO:0062023	https://identifiers.org/uniprot:P11047	HDA	PMID:20551380	http://purl.obolibrary.org/obo/NCBITaxon_9606
GO:0062023	https://identifiers.org/uniprot:P12109	HDA	PMID:20551380	http://purl.obolibrary.org/obo/NCBITaxon_9606
GO:0062023	https://identifiers.org/uniprot:P12110	HDA	PMID:20551380	http://purl.obolibrary.org/obo/NCBITaxon_9606
GO:0062023	https://identifiers.org/uniprot:P12111	HDA	PMID:20551380	http://purl.obolibrary.org/obo/NCBITaxon_9606
GO:0062023	https://identifiers.org/uniprot:P13611	HDA	PMID:20551380	http://purl.obolibrary.org/obo/NCBITaxon_9606
GO:0062023	https://identifiers.org/uniprot:P14543	HDA	PMID:20551380	http://purl.obolibrary.org/obo/NCBITaxon_9606
GO:0062023	https://identifiers.org/uniprot:P16112	HDA	PMID:20551380	http://purl.obolibrary.org/obo/NCBITaxon_9606
GO:0062023	https://identifiers.org/uniprot:P17931	HDA	PMID:20551380	http://purl.obolibrary.org/obo/NCBITaxon_9606
GO:0062023	https://identifiers.org/uniprot:P17931	HDA	PMID:28327460	http://purl.obolibrary.org/obo/NCBITaxon_9606
GO:0062023	https://identifiers.org/uniprot:P19823	HDA	PMID:28327460	http://purl.obolibrary.org/obo/NCBITaxon_9606
GO:0062023	https://identifiers.org/uniprot:P20742	HDA	PMID:28327460	http://purl.obolibrary.org/obo/NCBITaxon_9606
GO:0062023	https://identifiers.org/uniprot:P20774	HDA	PMID:20551380	http://purl.obolibrary.org/obo/NCBITaxon_9606
GO:0062023	https://identifiers.org/uniprot:P20908	HDA	PMID:20551380	http://purl.obolibrary.org/obo/NCBITaxon_9606
GO:0062023	https://identifiers.org/uniprot:P21741	HDA	PMID:28327460	http://purl.obolibrary.org/obo/NCBITaxon_9606
GO:0062023	https://identifiers.org/uniprot:P21802	IDA	PMID:17959718	http://purl.obolibrary.org/obo/NCBITaxon_9606
GO:0062023	https://identifiers.org/uniprot:P21810	HDA	PMID:20551380	http://purl.obolibrary.org/obo/NCBITaxon_9606
GO:0062023	https://identifiers.org/uniprot:P21980	HDA	PMID:28327460	http://purl.obolibrary.org/obo/NCBITaxon_9606
GO:0062023	https://identifiers.org/uniprot:P22105	HDA	PMID:20551380	http://purl.obolibrary.org/obo/NCBITaxon_9606
GO:0062023	https://identifiers.org/uniprot:P23142	HDA	PMID:20551380	http://purl.obolibrary.org/obo/NCBITaxon_9606
GO:0062023	https://identifiers.org/uniprot:P23946	HDA	PMID:20551380	http://purl.obolibrary.org/obo/NCBITaxon_9606
GO:0062023	https://identifiers.org/uniprot:P24158	HDA	PMID:20551380	http://purl.obolibrary.org/obo/NCBITaxon_9606
GO:0062023	https://identifiers.org/uniprot:P24821	HDA	PMID:20551380	http://purl.obolibrary.org/obo/NCBITaxon_9606
GO:0062023	https://identifiers.org/uniprot:P25067	HDA	PMID:20551380	http://purl.obolibrary.org/obo/NCBITaxon_9606
GO:0062023	https://identifiers.org/uniprot:P27658	HDA	PMID:20551380	http://purl.obolibrary.org/obo/NCBITaxon_9606
GO:0062023	https://identifiers.org/uniprot:P27918	HDA	PMID:20551380	http://purl.obolibrary.org/obo/NCBITaxon_9606
GO:0062023	https://identifiers.org/uniprot:P29279	HDA	PMID:28327460	http://purl.obolibrary.org/obo/NCBITaxon_9606
GO:0062023	https://identifiers.org/uniprot:P35555	HDA	PMID:20551380	http://purl.obolibrary.org/obo/NCBITaxon_9606
GO:0062023	https://identifiers.org/uniprot:P35625	HDA	PMID:20551380	http://purl.obolibrary.org/obo/NCBITaxon_9606
GO:0062023	https://identifiers.org/uniprot:P36955	HDA	PMID:20551380	http://purl.obolibrary.org/obo/NCBITaxon_9606
GO:0062023	https://identifiers.org/uniprot:P39059	HDA	PMID:20551380	http://purl.obolibrary.org/obo/NCBITaxon_9606
GO:0062023	https://identifiers.org/uniprot:P39060	HDA	PMID:20551380	http://purl.obolibrary.org/obo/NCBITaxon_9606
GO:0062023	https://identifiers.org/uniprot:P41221	HDA	PMID:28327460	http://purl.obolibrary.org/obo/NCBITaxon_9606
GO:0062023	https://identifiers.org/uniprot:P49747	HDA	PMID:20551380	http://purl.obolibrary.org/obo/NCBITaxon_9606
GO:0062023	https://identifiers.org/uniprot:P50454	HDA	PMID:28327460	http://purl.obolibrary.org/obo/NCBITaxon_9606
GO:0062023	https://identifiers.org/uniprot:P51884	HDA	PMID:20551380	http://purl.obolibrary.org/obo/NCBITaxon_9606
GO:0062023	https://identifiers.org/uniprot:P51888	HDA	PMID:20551380	http://purl.obolibrary.org/obo/NCBITaxon_9606
GO:0062023	https://identifiers.org/uniprot:P55083	HDA	PMID:20551380	http://purl.obolibrary.org/obo/NCBITaxon_9606
GO:0062023	https://identifiers.org/uniprot:P55268	HDA	PMID:20551380	http://purl.obolibrary.org/obo/NCBITaxon_9606
GO:0062023	https://identifiers.org/uniprot:P59665	HDA	PMID:20551380	http://purl.obolibrary.org/obo/NCBITaxon_9606
GO:0062023	https://identifiers.org/uniprot:P98160	HDA	PMID:20551380	http://purl.obolibrary.org/obo/NCBITaxon_9606
GO:0062023	https://identifiers.org/uniprot:Q05707	HDA	PMID:20551380	http://purl.obolibrary.org/obo/NCBITaxon_9606
GO:0062023	https://identifiers.org/uniprot:Q06828	HDA	PMID:20551380	http://purl.obolibrary.org/obo/NCBITaxon_9606
GO:0062023	https://identifiers.org/uniprot:Q07507	HDA	PMID:20551380	http://purl.obolibrary.org/obo/NCBITaxon_9606
GO:0062023	https://identifiers.org/uniprot:Q08380	HDA	PMID:20551380	http://purl.obolibrary.org/obo/NCBITaxon_9606
GO:0062023	https://identifiers.org/uniprot:Q08397	HDA	PMID:20551380	http://purl.obolibrary.org/obo/NCBITaxon_9606
GO:0062023	https://identifiers.org/uniprot:Q08397	HDA	PMID:28327460	http://purl.obolibrary.org/obo/NCBITaxon_9606
GO:0062023	https://identifiers.org/uniprot:Q08431	HDA	PMID:20551380	http://purl.obolibrary.org/obo/NCBITaxon_9606
GO:0062023	https://identifiers.org/uniprot:Q12805	HDA	PMID:20551380	http://purl.obolibrary.org/obo/NCBITaxon_9606
GO:0062023	https://identifiers.org/uniprot:Q14112	HDA	PMID:20551380	http://purl.obolibrary.org/obo/NCBITaxon_9606
GO:0062023	https://identifiers.org/uniprot:Q14766	HDA	PMID:20551380	http://purl.obolibrary.org/obo/NCBITaxon_9606
GO:0062023	https://identifiers.org/uniprot:Q14767	HDA	PMID:20551380	http://purl.obolibrary.org/obo/NCBITaxon_9606
GO:0062023	https://identifiers.org/uniprot:Q15063	HDA	PMID:20551380	http://purl.obolibrary.org/obo/NCBITaxon_9606
GO:0062023	https://identifiers.org/uniprot:Q15113	HDA	PMID:20551380	http://purl.obolibrary.org/obo/NCBITaxon_9606
GO:0062023	https://identifiers.org/uniprot:Q15582	HDA	PMID:20551380	http://purl.obolibrary.org/obo/NCBITaxon_9606
GO:0062023	https://identifiers.org/uniprot:Q15661	HDA	PMID:20551380	http://purl.obolibrary.org/obo/NCBITaxon_9606
GO:0062023	https://identifiers.org/uniprot:Q16270	HDA	PMID:20551380	http://purl.obolibrary.org/obo/NCBITaxon_9606
GO:0062023	https://identifiers.org/uniprot:Q32P28	HDA	PMID:28327460	http://purl.obolibrary.org/obo/NCBITaxon_9606
GO:0062023	https://identifiers.org/uniprot:Q6UY14	HDA	PMID:28327460	http://purl.obolibrary.org/obo/NCBITaxon_9606
GO:0062023	https://identifiers.org/uniprot:Q7Z7G0	HDA	PMID:20551380	http://purl.obolibrary.org/obo/NCBITaxon_9606
GO:0062023	https://identifiers.org/uniprot:Q8IUX7	HDA	PMID:20551380	http://purl.obolibrary.org/obo/NCBITaxon_9606
GO:0062023	https://identifiers.org/uniprot:Q8IVN8	HDA	PMID:20551380	http://purl.obolibrary.org/obo/NCBITaxon_9606
GO:0062023	https://identifiers.org/uniprot:Q8IWU6	HDA	PMID:28327460	http://purl.obolibrary.org/obo/NCBITaxon_9606
GO:0062023	https://identifiers.org/uniprot:Q8N2S1	HDA	PMID:20551380	http://purl.obolibrary.org/obo/NCBITaxon_9606
GO:0062023	https://identifiers.org/uniprot:Q8N474	HDA	PMID:20551380	http://purl.obolibrary.org/obo/NCBITaxon_9606
GO:0062023	https://identifiers.org/uniprot:Q8TF66	IDA	PMID:16098915	http://purl.obolibrary.org/obo/NCBITaxon_9606
GO:0062023	https://identifiers.org/uniprot:Q92743	HDA	PMID:20551380	http://purl.obolibrary.org/obo/NCBITaxon_9606
GO:0062023	https://identifiers.org/uniprot:Q92743	HDA	PMID:28327460	http://purl.obolibrary.org/obo/NCBITaxon_9606
GO:0062023	https://identifiers.org/uniprot:Q96P44	HDA	PMID:20551380	http://purl.obolibrary.org/obo/NCBITaxon_9606
GO:0062023	https://identifiers.org/uniprot:Q99715	HDA	PMID:20551380	http://purl.obolibrary.org/obo/NCBITaxon_9606
GO:0062023	https://identifiers.org/uniprot:Q99988	HDA	PMID:28327460	http://purl.obolibrary.org/obo/NCBITaxon_9606
GO:0062023	https://identifiers.org/uniprot:Q9BQB4	HDA	PMID:20551380	http://purl.obolibrary.org/obo/NCBITaxon_9606
GO:0062023	https://identifiers.org/uniprot:Q9BXN1	HDA	PMID:20551380	http://purl.obolibrary.org/obo/NCBITaxon_9606
GO:0062023	https://identifiers.org/uniprot:Q9GZM7	HDA	PMID:20551380	http://purl.obolibrary.org/obo/NCBITaxon_9606
GO:0062023	https://identifiers.org/uniprot:Q9H1J7	HDA	PMID:28327460	http://purl.obolibrary.org/obo/NCBITaxon_9606
GO:0062023	https://identifiers.org/uniprot:Q9HCB6	HDA	PMID:20551380	http://purl.obolibrary.org/obo/NCBITaxon_9606
GO:0062023	https://identifiers.org/uniprot:Q9UBX5	HDA	PMID:20551380	http://purl.obolibrary.org/obo/NCBITaxon_9606
GO:0062023	https://identifiers.org/uniprot:Q9UHI8	HDA	PMID:28327460	http://purl.obolibrary.org/obo/NCBITaxon_9606
GO:0062023	https://identifiers.org/uniprot:Q9WVH9	IDA	PMID:15528465	http://purl.obolibrary.org/obo/NCBITaxon_10090
GO:0071953	https://identifiers.org/uniprot:Q9WVH9	IDA	PMID:11805834	http://purl.obolibrary.org/obo/NCBITaxon_10090
GO:0062023	https://identifiers.org/uniprot:Q9Y4K0	HDA	PMID:28327460	http://purl.obolibrary.org/obo/NCBITaxon_9606
GO:0062023	https://identifiers.org/uniprot:Q9Y6C2	HDA	PMID:20551380	http://purl.obolibrary.org/obo/NCBITaxon_9606
GO:0005930	https://identifiers.org/uniprot:P10644	IDA	PMID:12475942	http://purl.obolibrary.org/obo/NCBITaxon_9606
GO:0005930	https://identifiers.org/uniprot:P13861	IDA	PMID:12475942	http://purl.obolibrary.org/obo/NCBITaxon_9606
GO:0005930	https://identifiers.org/uniprot:P17612	IDA	PMID:12475942	http://purl.obolibrary.org/obo/NCBITaxon_9606
GO:0005929	https://identifiers.org/uniprot:P61006	IDA	PMID:21844891	http://purl.obolibrary.org/obo/NCBITaxon_9606
GO:0036064	https://identifiers.org/uniprot:Q5SSG4	IMP	PMID:30665704	http://purl.obolibrary.org/obo/NCBITaxon_10090
GO:0036064	https://identifiers.org/uniprot:Q8NHY3	IMP	PMID:30665704	http://purl.obolibrary.org/obo/NCBITaxon_9606
GO:0097546	https://identifiers.org/uniprot:Q8WVS4	IDA	PMID:25830415	http://purl.obolibrary.org/obo/NCBITaxon_9606
GO:0005930	https://identifiers.org/uniprot:Q8WW35	IDA	PMID:25830415	http://purl.obolibrary.org/obo/NCBITaxon_9606
GO:0097546	https://identifiers.org/uniprot:Q8WW35	IDA	PMID:25830415	http://purl.obolibrary.org/obo/NCBITaxon_9606
GO:0031514	https://identifiers.org/uniprot:Q96PN6	IDA	PMID:17591988	http://purl.obolibrary.org/obo/NCBITaxon_9606
GO:0005929	https://identifiers.org/uniprot:Q9Y5K8	IDA	PMID:21844891	http://purl.obolibrary.org/obo/NCBITaxon_9606
GO:0016323	https://identifiers.org/uniprot:P35670	IDA	PMID:15269005	http://purl.obolibrary.org/obo/NCBITaxon_9606
GO:0016323	https://identifiers.org/uniprot:Q86TB3	IMP	PMID:28668886	http://purl.obolibrary.org/obo/NCBITaxon_9606
GO:0045211	https://identifiers.org/uniprot:D3YZU1	IDA	PMID:15207857	http://purl.obolibrary.org/obo/NCBITaxon_10090
GO:0045211	https://identifiers.org/uniprot:Q14160	IDA	PMID:15182672	http://purl.obolibrary.org/obo/NCBITaxon_9606
GO:0045211	https://identifiers.org/uniprot:Q62108	IDA	PMID:15207857	http://purl.obolibrary.org/obo/NCBITaxon_10090
GO:0045211	https://identifiers.org/uniprot:Q80Z38	IDA	PMID:15207857	http://purl.obolibrary.org/obo/NCBITaxon_10090
GO:0032154	https://identifiers.org/uniprot:P61586	IDA	PMID:16103226	http://purl.obolibrary.org/obo/NCBITaxon_9606
GO:0032154	https://identifiers.org/uniprot:Q52KF3	IDA	PMID:21620703	http://purl.obolibrary.org/obo/NCBITaxon_10090
GO:0032154	https://identifiers.org/uniprot:Q6P4I2	IDA	PMID:25466283	http://purl.obolibrary.org/obo/NCBITaxon_9606
GO:0032154	https://identifiers.org/uniprot:Q8K1S6	IDA	PMID:21620703	http://purl.obolibrary.org/obo/NCBITaxon_10090
GO:0032154	https://identifiers.org/uniprot:Q96GD0	IDA	PMID:15580268	http://purl.obolibrary.org/obo/NCBITaxon_9606
GO:0000791	https://identifiers.org/uniprot:Q80ZI1	IDA	PMID:23622239	http://purl.obolibrary.org/obo/NCBITaxon_10090
GO:0030496	https://identifiers.org/uniprot:Q15018	IDA	PMID:26195665	http://purl.obolibrary.org/obo/NCBITaxon_9606
GO:0030496	https://identifiers.org/uniprot:Q8NFG4	IDA	PMID:22965878	http://purl.obolibrary.org/obo/NCBITaxon_9606
GO:0030496	https://identifiers.org/uniprot:Q8WV92	IDA	PMID:23045692	http://purl.obolibrary.org/obo/NCBITaxon_9606
GO:0030496	https://identifiers.org/uniprot:Q96GD0	IDA	PMID:15580268	http://purl.obolibrary.org/obo/NCBITaxon_9606
GO:0030496	https://identifiers.org/uniprot:Q99569	IDA	PMID:22965878	http://purl.obolibrary.org/obo/NCBITaxon_9606
GO:0030496	https://identifiers.org/uniprot:Q9NQC7	IDA	PMID:17495026	http://purl.obolibrary.org/obo/NCBITaxon_9606
GO:0030496	https://identifiers.org/uniprot:Q9UBP0	IDA	PMID:19000169	http://purl.obolibrary.org/obo/NCBITaxon_9606
GO:0005794	https://identifiers.org/uniprot:O00506	IDA	PMID:22652780	http://purl.obolibrary.org/obo/NCBITaxon_9606
GO:0032588	https://identifiers.org/uniprot:O43795	IDA	PMID:21666684	http://purl.obolibrary.org/obo/NCBITaxon_9606
GO:0005794	https://identifiers.org/uniprot:O75581	IDA	PMID:16890161	http://purl.obolibrary.org/obo/NCBITaxon_9606
GO:0000139	https://identifiers.org/uniprot:P08754	IDA	PMID:12642577	http://purl.obolibrary.org/obo/NCBITaxon_9606
GO:0005794	https://identifiers.org/uniprot:P16054	IDA	PMID:17611075	http://purl.obolibrary.org/obo/NCBITaxon_10090
GO:0005802	https://identifiers.org/uniprot:P35670	IDA	PMID:15269005	http://purl.obolibrary.org/obo/NCBITaxon_9606
GO:0005802	https://identifiers.org/uniprot:P35670	IDA	PMID:16472602	http://purl.obolibrary.org/obo/NCBITaxon_9606
GO:0005794	https://identifiers.org/uniprot:Q08AD1	IDA	PMID:27666745	http://purl.obolibrary.org/obo/NCBITaxon_9606
GO:0005794	https://identifiers.org/uniprot:Q10471	IDA	PMID:12506059	http://purl.obolibrary.org/obo/NCBITaxon_9606
GO:0005794	https://identifiers.org/uniprot:Q10472	IDA	PMID:12506059	http://purl.obolibrary.org/obo/NCBITaxon_9606
GO:0017119	https://identifiers.org/uniprot:Q12893	IDA	PMID:24806965	http://purl.obolibrary.org/obo/NCBITaxon_9606
GO:0005794	https://identifiers.org/uniprot:Q13635	IDA	PMID:11278759	http://purl.obolibrary.org/obo/NCBITaxon_9606
GO:0005794	https://identifiers.org/uniprot:Q14435	IDA	PMID:12506059	http://purl.obolibrary.org/obo/NCBITaxon_9606
GO:0000938	https://identifiers.org/uniprot:Q53HC9	IDA	PMID:27440922	http://purl.obolibrary.org/obo/NCBITaxon_9606
GO:0005802	https://identifiers.org/uniprot:Q6UXG2	IDA	PMID:21072319	http://purl.obolibrary.org/obo/NCBITaxon_9606
GO:0000139	https://identifiers.org/uniprot:Q86YR5	IDA	PMID:12642577	http://purl.obolibrary.org/obo/NCBITaxon_9606
GO:0005802	https://identifiers.org/uniprot:Q8C167	IMP	PMID:23321636	http://purl.obolibrary.org/obo/NCBITaxon_10090
GO:0005794	https://identifiers.org/uniprot:Q8N4A0	IDA	PMID:12506059	http://purl.obolibrary.org/obo/NCBITaxon_9606
GO:0005794	https://identifiers.org/uniprot:Q8WXH6	IDA	PMID:34469730	http://purl.obolibrary.org/obo/NCBITaxon_9606
GO:0005794	https://identifiers.org/uniprot:Q92503	IDA	PMID:17092608	http://purl.obolibrary.org/obo/NCBITaxon_9606
GO:0005794	https://identifiers.org/uniprot:Q96G01	IDA	PMID:17139249	http://purl.obolibrary.org/obo/NCBITaxon_9606
GO:0005794	https://identifiers.org/uniprot:Q96MK3	IDA	PMID:22582013	http://purl.obolibrary.org/obo/NCBITaxon_9606
GO:0005794	https://identifiers.org/uniprot:Q96S21	IDA	PMID:34469730	http://purl.obolibrary.org/obo/NCBITaxon_9606
GO:0005794	https://identifiers.org/uniprot:Q99835	IDA	PMID:11278759	http://purl.obolibrary.org/obo/NCBITaxon_9606
GO:0005794	https://identifiers.org/uniprot:Q9BUL8	IDA	PMID:22652780	http://purl.obolibrary.org/obo/NCBITaxon_9606
GO:0005794	https://identifiers.org/uniprot:Q9QY84	IDA	PMID:21278383	http://purl.obolibrary.org/obo/NCBITaxon_10090
GO:0005802	https://identifiers.org/uniprot:Q9UIL1	IDA	PMID:22354037	http://purl.obolibrary.org/obo/NCBITaxon_9606
GO:0030175	https://identifiers.org/uniprot:Q3UU41	IMP	PMID:28098138	http://purl.obolibrary.org/obo/NCBITaxon_10090
GO:0022627	https://identifiers.org/uniprot:O00571	IDA	PMID:18596238	http://purl.obolibrary.org/obo/NCBITaxon_9606
GO:0005840	https://identifiers.org/uniprot:Q0VDF9	IDA	PMID:16002468	http://purl.obolibrary.org/obo/NCBITaxon_9606
GO:0022627	https://identifiers.org/uniprot:Q71RC2	IDA	PMID:21098120	http://purl.obolibrary.org/obo/NCBITaxon_9606
GO:0009986	https://identifiers.org/uniprot:A2A259	IDA	PMID:16891422	http://purl.obolibrary.org/obo/NCBITaxon_10090
GO:0009897	https://identifiers.org/uniprot:O35632	IDA	PMID:19443707	http://purl.obolibrary.org/obo/NCBITaxon_10090
GO:0009897	https://identifiers.org/uniprot:O35930	IDA	PMID:19443707	http://purl.obolibrary.org/obo/NCBITaxon_10090
GO:0009986	https://identifiers.org/uniprot:O70326	IDA	PMID:17077323	http://purl.obolibrary.org/obo/NCBITaxon_10090
GO:0009897	https://identifiers.org/uniprot:O95867	IDA	PMID:17008713	http://purl.obolibrary.org/obo/NCBITaxon_9606
GO:0009897	https://identifiers.org/uniprot:O95868	IDA	PMID:17008713	http://purl.obolibrary.org/obo/NCBITaxon_9606
GO:0009897	https://identifiers.org/uniprot:P00734	IDA	PMID:20421939	http://purl.obolibrary.org/obo/NCBITaxon_9606
GO:0009986	https://identifiers.org/uniprot:P06727	IDA	PMID:1935934	http://purl.obolibrary.org/obo/NCBITaxon_9606
GO:0009897	https://identifiers.org/uniprot:P07359	IDA	PMID:19443707	http://purl.obolibrary.org/obo/NCBITaxon_9606
GO:0009897	https://identifiers.org/uniprot:Q12891	IDA	PMID:19443707	http://purl.obolibrary.org/obo/NCBITaxon_9606
GO:0009986	https://identifiers.org/uniprot:Q2EG98	IDA	PMID:16891422	http://purl.obolibrary.org/obo/NCBITaxon_10090
GO:0009897	https://identifiers.org/uniprot:Q5SRR4	IDA	PMID:17008713	http://purl.obolibrary.org/obo/NCBITaxon_9606
GO:0009897	https://identifiers.org/uniprot:Q8K1T4	IDA	PMID:17008713	http://purl.obolibrary.org/obo/NCBITaxon_10090
GO:0009897	https://identifiers.org/uniprot:Q8K1T5	IDA	PMID:17008713	http://purl.obolibrary.org/obo/NCBITaxon_10090
GO:0009897	https://identifiers.org/uniprot:Q8NDX9	IDA	PMID:17008713	http://purl.obolibrary.org/obo/NCBITaxon_9606
GO:0009897	https://identifiers.org/uniprot:Q9Z1Q3	IDA	PMID:17008713	http://purl.obolibrary.org/obo/NCBITaxon_10090
GO:0009897	https://identifiers.org/uniprot:Q9Z1Q4	IDA	PMID:17008713	http://purl.obolibrary.org/obo/NCBITaxon_10090
GO:0032437	https://identifiers.org/uniprot:Q6PFY1	IDA	PMID:23437151	http://purl.obolibrary.org/obo/NCBITaxon_10090
GO:0032437	https://identifiers.org/uniprot:Q91VH2	IDA	PMID:23437151	http://purl.obolibrary.org/obo/NCBITaxon_10090
GO:0030904	https://identifiers.org/uniprot:O60493	IDA	PMID:21725319	http://purl.obolibrary.org/obo/NCBITaxon_9606
GO:0030904	https://identifiers.org/uniprot:O60493	IDA	PMID:24344282	http://purl.obolibrary.org/obo/NCBITaxon_9606
GO:0005769	https://identifiers.org/uniprot:O75581	IDA	PMID:16890161	http://purl.obolibrary.org/obo/NCBITaxon_9606
GO:0005905	https://identifiers.org/uniprot:O94868	IDA	PMID:29887380	http://purl.obolibrary.org/obo/NCBITaxon_9606
GO:0005789	https://identifiers.org/uniprot:O95772	IDA	PMID:24105263	http://purl.obolibrary.org/obo/NCBITaxon_9606
GO:0005768	https://identifiers.org/uniprot:P00533	IDA	PMID:16554368	http://purl.obolibrary.org/obo/NCBITaxon_9606
GO:0005789	https://identifiers.org/uniprot:P08754	IDA	PMID:12642577	http://purl.obolibrary.org/obo/NCBITaxon_9606
GO:0030904	https://identifiers.org/uniprot:P14373	IDA	PMID:23452853	http://purl.obolibrary.org/obo/NCBITaxon_9606
GO:0010008	https://identifiers.org/uniprot:P22314	IDA	PMID:1376922	http://purl.obolibrary.org/obo/NCBITaxon_9606
GO:0030867	https://identifiers.org/uniprot:P22314	IDA	PMID:1376922	http://purl.obolibrary.org/obo/NCBITaxon_9606
GO:0005783	https://identifiers.org/uniprot:P24534	IDA	PMID:8743958	http://purl.obolibrary.org/obo/NCBITaxon_9606
GO:0005783	https://identifiers.org/uniprot:P26641	IDA	PMID:8743958	http://purl.obolibrary.org/obo/NCBITaxon_9606
GO:0005790	https://identifiers.org/uniprot:P27635	IDA	PMID:10508860	http://purl.obolibrary.org/obo/NCBITaxon_9606
GO:0005783	https://identifiers.org/uniprot:P29692	IDA	PMID:8743958	http://purl.obolibrary.org/obo/NCBITaxon_9606
GO:0044354	https://identifiers.org/uniprot:P30622	IDA	PMID:12433698	http://purl.obolibrary.org/obo/NCBITaxon_9606
GO:0005790	https://identifiers.org/uniprot:P49768	IDA	PMID:10508860	http://purl.obolibrary.org/obo/NCBITaxon_9606
GO:0005635	https://identifiers.org/uniprot:P50402	IMP	PMID:21610090	http://purl.obolibrary.org/obo/NCBITaxon_9606
GO:0032541	https://identifiers.org/uniprot:P50402	IDA	PMID:19494128	http://purl.obolibrary.org/obo/NCBITaxon_9606
GO:0005770	https://identifiers.org/uniprot:P51149	IDA	PMID:18272684	http://purl.obolibrary.org/obo/NCBITaxon_9606
GO:0030904	https://identifiers.org/uniprot:P51149	IDA	PMID:19531583	http://purl.obolibrary.org/obo/NCBITaxon_9606
GO:0030904	https://identifiers.org/uniprot:P51149	IDA	PMID:24344282	http://purl.obolibrary.org/obo/NCBITaxon_9606
GO:0005769	https://identifiers.org/uniprot:P51787	IMP	PMID:23529131	http://purl.obolibrary.org/obo/NCBITaxon_9606
GO:0005783	https://identifiers.org/uniprot:P51787	IPI	PMID:24855057	http://purl.obolibrary.org/obo/NCBITaxon_9606
GO:0005789	https://identifiers.org/uniprot:P54252	IDA	PMID:17000876	http://purl.obolibrary.org/obo/NCBITaxon_9606
GO:0005769	https://identifiers.org/uniprot:P61073	IDA	PMID:24790097	http://purl.obolibrary.org/obo/NCBITaxon_9606
GO:0005785	https://identifiers.org/uniprot:P97762	IDA	PMID:15652350	http://purl.obolibrary.org/obo/NCBITaxon_10090
GO:0097443	https://identifiers.org/uniprot:Q07960	IMP	PMID:16380373	http://purl.obolibrary.org/obo/NCBITaxon_9606
GO:0030904	https://identifiers.org/uniprot:Q14203	IDA	PMID:19619496	http://purl.obolibrary.org/obo/NCBITaxon_9606
GO:0005789	https://identifiers.org/uniprot:Q14849	IDA	PMID:24105263	http://purl.obolibrary.org/obo/NCBITaxon_9606
GO:0005789	https://identifiers.org/uniprot:Q14849	IDA	PMID:28377464	http://purl.obolibrary.org/obo/NCBITaxon_9606
GO:0005905	https://identifiers.org/uniprot:Q15811	IDA	PMID:29887380	http://purl.obolibrary.org/obo/NCBITaxon_9606
GO:0010008	https://identifiers.org/uniprot:Q3LRV9	IDA	PMID:25848864	http://purl.obolibrary.org/obo/NCBITaxon_10090
GO:1990745	https://identifiers.org/uniprot:Q53HC9	IDA	PMID:27440922	http://purl.obolibrary.org/obo/NCBITaxon_9606
GO:0030904	https://identifiers.org/uniprot:Q6IQ26	IDA	PMID:19619496	http://purl.obolibrary.org/obo/NCBITaxon_9606
GO:0005770	https://identifiers.org/uniprot:Q6UXG2	IDA	PMID:21072319	http://purl.obolibrary.org/obo/NCBITaxon_9606
GO:0005790	https://identifiers.org/uniprot:Q6ZWV3	IDA	PMID:10508860	http://purl.obolibrary.org/obo/NCBITaxon_10090
GO:0005789	https://identifiers.org/uniprot:Q86YR5	IDA	PMID:12642577	http://purl.obolibrary.org/obo/NCBITaxon_9606
GO:0005783	https://identifiers.org/uniprot:Q8N3Y7	IDA	PMID:16691198	http://purl.obolibrary.org/obo/NCBITaxon_9606
GO:0005783	https://identifiers.org/uniprot:Q8N6S4	IDA	PMID:20959461	http://purl.obolibrary.org/obo/NCBITaxon_9606
GO:0005635	https://identifiers.org/uniprot:Q8NC56	IDA	PMID:28242692	http://purl.obolibrary.org/obo/NCBITaxon_9606
GO:0005783	https://identifiers.org/uniprot:Q8NC56	IDA	PMID:28242692	http://purl.obolibrary.org/obo/NCBITaxon_9606
GO:0005769	https://identifiers.org/uniprot:Q8TDB6	IDA	PMID:24790097	http://purl.obolibrary.org/obo/NCBITaxon_9606
GO:0005643	https://identifiers.org/uniprot:Q8WYP5	IDA	PMID:17098863	http://purl.obolibrary.org/obo/NCBITaxon_9606
GO:0031080	https://identifiers.org/uniprot:Q8WYP5	IDA	PMID:17098863	http://purl.obolibrary.org/obo/NCBITaxon_9606
GO:0030122	https://identifiers.org/uniprot:Q92609	IDA	PMID:24603492	http://purl.obolibrary.org/obo/NCBITaxon_9606
GO:0030904	https://identifiers.org/uniprot:Q96C92	IDA	PMID:25278552	http://purl.obolibrary.org/obo/NCBITaxon_9606
GO:0005769	https://identifiers.org/uniprot:Q96J02	IDA	PMID:24790097	http://purl.obolibrary.org/obo/NCBITaxon_9606
GO:0030904	https://identifiers.org/uniprot:Q96L92	IDA	PMID:23563491	http://purl.obolibrary.org/obo/NCBITaxon_9606
GO:0005768	https://identifiers.org/uniprot:Q96S99	IDA	PMID:22115783	http://purl.obolibrary.org/obo/NCBITaxon_9606
GO:0005768	https://identifiers.org/uniprot:Q9BY43	IDA	PMID:24878737	http://purl.obolibrary.org/obo/NCBITaxon_9606
GO:1990462	https://identifiers.org/uniprot:Q9C035	IDA	PMID:25127057	http://purl.obolibrary.org/obo/NCBITaxon_9606
GO:0005769	https://identifiers.org/uniprot:Q9EQD0	IDA	PMID:16890161	http://purl.obolibrary.org/obo/NCBITaxon_10090
GO:0005769	https://identifiers.org/uniprot:Q9H270	IDA	PMID:21148287	http://purl.obolibrary.org/obo/NCBITaxon_9606
GO:0005770	https://identifiers.org/uniprot:Q9H270	IDA	PMID:21148287	http://purl.obolibrary.org/obo/NCBITaxon_9606
GO:0005635	https://identifiers.org/uniprot:Q9NUU6	IDA	PMID:31056421	http://purl.obolibrary.org/obo/NCBITaxon_9606
GO:0030904	https://identifiers.org/uniprot:Q9P2R3	IDA	PMID:22284051	http://purl.obolibrary.org/obo/NCBITaxon_9606
GO:0005768	https://identifiers.org/uniprot:Q9UBP0	IDA	PMID:19000169	http://purl.obolibrary.org/obo/NCBITaxon_9606
GO:0005783	https://identifiers.org/uniprot:Q9UBP0	IDA	PMID:19000169	http://purl.obolibrary.org/obo/NCBITaxon_9606
GO:0005635	https://identifiers.org/uniprot:Q9UH99	IDA	PMID:21610090	http://purl.obolibrary.org/obo/NCBITaxon_9606
GO:0005768	https://identifiers.org/uniprot:Q9UIL1	IDA	PMID:22354037	http://purl.obolibrary.org/obo/NCBITaxon_9606
GO:0030904	https://identifiers.org/uniprot:Q9UJ55	IDA	PMID:23452853	http://purl.obolibrary.org/obo/NCBITaxon_9606
GO:0005768	https://identifiers.org/uniprot:Q9UQN3	IDA	PMID:24878737	http://purl.obolibrary.org/obo/NCBITaxon_9606
GO:0005770	https://identifiers.org/uniprot:Q9UQN3	IDA	PMID:16041373	http://purl.obolibrary.org/obo/NCBITaxon_9606
GO:0005905	https://identifiers.org/uniprot:Q9Y2H2	IDA	PMID:25869669	http://purl.obolibrary.org/obo/NCBITaxon_9606
GO:0005769	https://identifiers.org/uniprot:Q9Y4I1	IDA	PMID:24006491	http://purl.obolibrary.org/obo/NCBITaxon_9606
GO:0005770	https://identifiers.org/uniprot:Q9Y4I1	IDA	PMID:24006491	http://purl.obolibrary.org/obo/NCBITaxon_9606
GO:0005783	https://identifiers.org/uniprot:Q9Y4I1	IDA	PMID:24006491	http://purl.obolibrary.org/obo/NCBITaxon_9606
GO:0055037	https://identifiers.org/uniprot:Q9Y4I1	IDA	PMID:24006491	http://purl.obolibrary.org/obo/NCBITaxon_9606
GO:0030904	https://identifiers.org/uniprot:Q9Y5X2	IDA	PMID:19782049	http://purl.obolibrary.org/obo/NCBITaxon_9606
GO:0005635	https://identifiers.org/uniprot:Q9Y6D9	IDA	PMID:22351768	http://purl.obolibrary.org/obo/NCBITaxon_9606
GO:0005730	https://identifiers.org/uniprot:Q6RFH5	IDA	PMID:26456651	http://purl.obolibrary.org/obo/NCBITaxon_9606
GO:0005730	https://identifiers.org/uniprot:Q92688	IDA	PMID:9285060	http://purl.obolibrary.org/obo/NCBITaxon_9606
